RowID,First_Name,Last_Name
1,Robert,Harper
2,Adrienne,Stephenson
3,Dorothy,Strickland
4,Beverly,Cochran
5,Alyson,Gaines
6,Lora,Guerra
7,Karina,Washington
8,Rose,Montes
9,Audrey,Boyer
10,Marie,Mosley
11,Josue,Melendez
12,Stacy,Galvan
13,Liliana,Velazquez
14,Shante,Cantrell
15,Mayra,Norton
16,Alvin,Trevino
17,Melissa,Duarte
18,Beau,Mills
19,Lorenzo,Sweeney
20,Victor,Snyder
21,Mia,Galloway
22,Kristy,Baker
23,Dana,Pacheco
24,Trevor,Reilly
25,Shanna,Bridges
26,Lindsay,Hardin
27,Terri,Dickson
28,Felix,Whitehead
29,Jarred,Stephens
30,Rosanna,Hendricks
31,Geoffrey,Zamora
32,Alexandra,Fry
33,Francisco,Cox
34,Diane,Nielsen
35,Katharine,Sellers
36,Isabel,Meza
37,Tania,Clarke
38,Dillon,Jones
39,Shari,Webster
40,Tierra,Moore
41,Allison,Walker
42,Michael,Holder
43,Cody,Flynn
44,Marisa,Bowers
45,Nadia,Wallace
46,Neil,Kramer
47,Chris,Hebert
48,Fernando,Potts
49,Clarence,Murillo
50,Lloyd,Rodriguez
51,Carlton,Barr
52,Staci,Johns
53,Jack,Hahn
54,Julius,Poole
55,Drew,Oneal
56,Kendra,Foster
57,Stephanie,Zimmerman
58,Cassie,Hammond
59,Michelle,Roach
60,Raul,Carrillo
61,Tamika,Moon
62,Nicholas,Woodward
63,Brenton,Reese
64,Claudia,Adams
65,Carissa,Hayden
66,Sheri,Escobar
67,Abel,Benitez
68,Edgar,Owens
69,Claire,Bullock
70,Britney,Banks
71,Joel,Potter
72,Vanessa,Reeves
73,Jorge,Gill
74,Earl,Tapia
75,Leo,Watts
76,Justin,Mccall
77,Jacquelyn,Weber
78,Tanya,Parks
79,Tonya,Hopkins
80,Cara,Chaney
81,Annette,Lamb
82,Holly,Sanchez
83,Kristopher,Lee
84,Becky,Hodges
85,Jose,Houston
86,Anna,Webb
87,Connie,Compton
88,Ricardo,Wilson
89,Gavin,Farrell
90,Sydney,Pruitt
91,Alyssa,Duke
92,Cecilia,Hinton
93,Alisha,Key
94,Brian,Hatfield
95,Cathy,Watkins
96,Collin,Chambers
97,Margarita,Barron
98,Larissa,Best
99,Tina,Mathews
100,Amy,Howell
101,Sophia,Townsend
102,Tommy,Knight
103,Jessie,Middleton
104,Darrin,Robertson
105,Alexandria,Richardson
106,Trista,Powers
107,Erick,Fuller
108,Herbert,Hobbs
109,Karissa,Carroll
110,Leigh,Walters
111,Juliana,Ibarra
112,Israel,Manning
113,Antoine,Dodson
114,Melanie,Sexton
115,Jasmine,Hanna
116,Clinton,Maldonado
117,Christy,Shields
118,Brendan,Baxter
119,Glen,Noble
120,Calvin,Schultz
121,Bret,Haynes
122,Felipe,Carey
123,Gilberto,Sosa
124,Sonia,Gonzalez
125,Shawna,Day
126,Kerri,Villarreal
127,Jolene,Rowland
128,Pablo,Bright
129,Deborah,Hall
130,Daryl,Barnes
131,Kellie,Brewer
132,Adrian,Ramirez
133,Steve,Bradshaw
134,Duane,Griffith
135,Pamela,Rios
136,Manuel,Dominguez
137,Kari,Quinn
138,Elena,Pineda
139,Dante,Weiss
140,Ian,Lawson
141,Rory,Keller
142,Alana,Juarez
143,Hilary,Bass
144,Kristina,Roth
145,Karen,Shea
146,Kenneth,Oconnell
147,Tabitha,Rice
148,Alejandro,Acevedo
149,Kathy,Perez
150,Jenny,Walton
151,Destiny,Mays
152,Amie,Livingston
153,Lorraine,Ramsey
154,Mike,Mueller
155,Autumn,Conley
156,Laurel,Mclaughlin
157,Phillip,Cobb
158,Stacey,Arellano
159,Teri,Burton
160,Sam,Holmes
161,Sarah,Barnett
162,Meagan,Campbell
163,Elaine,Robinson
164,Sylvia,Sparks
165,Guadalupe,Figueroa
166,Zachary,Pratt
167,Andrea,Strong
168,Lesley,Riggs
169,Brianne,Lopez
170,Mercedes,Krueger
171,Damian,King
172,Tiffani,Hays
173,Emily,Young
174,Charlene,Dawson
175,Dawn,Morris
176,Maggie,Koch
177,John,Henson
178,Anita,Friedman
179,Jill,Hines
180,Marquis,Valencia
181,Ann,Franco
182,Lorena,Yang
183,Harold,Avila
184,Brenda,Mcconnell
185,Ebony,Serrano
186,William,Brandt
187,Latoya,Copeland
188,Briana,Sanford
189,Kelli,Stone
190,Casandra,Newman
191,Larry,Cardenas
192,Marvin,Zuniga
193,Micaela,Cohen
194,Cheryl,Everett
195,Robin,Bates
196,Ashely,Castillo
197,Christine,Glover
198,Josephine,Sloan
199,Keri,Espinoza
200,Kory,Mcdowell
201,Dwayne,Huerta
202,Caitlyn,Collins
203,Brandie,Baldwin
204,Jeffery,Padilla
205,Kristal,Chan
206,Randi,Li
207,Lacy,Mcmillan
208,Elisabeth,Lyons
209,Ciara,Dunlap
210,Trey,Bautista
211,Alexis,Mullen
212,Gary,Greene
213,Salvador,Fletcher
214,Yvette,Cowan
215,Natalia,Ritter
216,Camille,Freeman
217,Emmanuel,Green
218,Krystina,Church
219,Kathryn,Richards
220,Kirk,Hart
221,Breanne,Pearson
222,Debra,Brown
223,Terence,Berger
224,Darnell,Blevins
225,Jeannette,Welch
226,Angelo,Garrison
227,Rafael,Hogan
228,Dallas,Cross
229,April,Orozco
230,Christen,Knox
231,Sandra,Kim
232,Mandi,Stevens
233,Erik,Haas
234,Aaron,Pierce
235,Julio,Mejia
236,Deanna,Zhang
237,Marissa,Wagner
238,Precious,Shaffer
239,Elise,Villa
240,Luis,Cline
241,Ashly,Rivera
242,Fabian,Lutz
243,Melody,Guerrero
244,Carmen,Solis
245,Loren,Kidd
246,Chloe,Blackburn
247,Stacie,Winters
248,Joe,Kennedy
249,Clifford,Robles
250,Hayley,Schwartz
251,Krystle,Pham
252,Stefan,Mccarthy
253,Raquel,Gillespie
254,Alicia,Mccoy
255,Kristen,Wong
256,Jeremiah,Simmons
257,Miguel,Daugherty
258,Arthur,Marks
259,Virginia,Huff
260,Stuart,May
261,Tiffany,Cunningham
262,Mario,Klein
263,Desmond,Arnold
264,Madeline,Leblanc
265,Catherine,Velez
266,Bryan,Frye
267,Susan,Melton
268,Mackenzie,Burnett
269,Jameson,Ruiz
270,Tera,Cuevas
271,Charity,Singleton
272,Shauna,Medina
273,Carolyn,House
274,Frank,Carter
275,Cynthia,Lane
276,Meredith,Soto
277,Terrence,Madden
278,Johanna,Boyd
279,Eli,Barrera
280,Celeste,Parker
281,Tatiana,Mcmahon
282,Sergio,Riddle
283,Leann,Harvey
284,Renee,Watson
285,Bridgette,Kent
286,Jeffrey,Wright
287,Roman,Pace
288,Terrance,Hickman
289,Cierra,Fox
290,Ashlie,Garrett
291,Micheal,Neal
292,Jami,Barajas
293,Lea,Schneider
294,Kathleen,Hansen
295,Jesus,Calhoun
296,Desiree,Wolfe
297,Daisy,Buckley
298,Rudy,Pennington
299,Joey,Donaldson
300,Fred,Novak
301,Rocky,Hester
302,Brent,Knapp
303,Rachelle,Beard
304,Erica,Frederick
305,Suzanne,Esparza
306,Andre,Craig
307,Danny,Cordova
308,Roberto,Cooley
309,Brad,Alexander
310,Kristie,Rivas
311,Kendrick,Nguyen
312,Toni,Callahan
313,Megan,Hensley
314,Enrique,Rivers
315,Olivia,Anderson
316,Ramon,Rasmussen
317,Belinda,Fischer
318,Jared,Lucero
319,Yvonne,Petty
320,Tameka,Wilkins
321,Samuel,Blackwell
322,Angel,Jenkins
323,Damien,Lang
324,Carl,Pugh
325,Jermaine,Monroe
326,Wesley,Andrade
327,Raven,Dalton
328,Annie,Turner
329,Kerry,Burgess
330,Frances,Adkins
331,Michaela,Campos
332,Candace,Cummings
333,Ariana,York
334,Monique,Spears
335,Ashleigh,Cain
336,Donte,Carr
337,Melinda,Lester
338,Ricky,Hartman
339,Jayson,Fisher
340,Roxanne,Hurst
341,Saul,Tate
342,Brandy,Wiley
343,Tyrone,Delacruz
344,Jonathon,Rich
345,Antwan,Peck
346,Kurt,Sharp
347,Latonya,Hawkins
348,Chrystal,Cabrera
349,Roderick,Conner
350,Kaitlyn,Le
351,Cortney,Rojas
352,Alfred,Bender
353,Krista,Cook
354,Bryce,Gonzales
355,Gustavo,Gay
356,Melisa,Garcia
357,Eddie,Pollard
358,Yesenia,Ortega
359,Albert,Bauer
360,Jane,Mcdaniel
361,Lacey,Dyer
362,Lori,White
363,Jaclyn,Molina
364,Darius,Stafford
365,Christopher,Fleming
366,Ericka,Hurley
367,Sidney,Black
368,Cornelius,Price
369,Sally,Buck
370,Jacqueline,Costa
371,Stefanie,Goodman
372,Kylie,Bishop
373,Caitlin,Small
374,Dianna,Hendrix
375,Joanne,Randolph
376,Ralph,Burns
377,Brianna,Andersen
378,Jerry,Gomez
379,Alecia,Hanson
380,Aimee,Sampson
381,Gerardo,Olson
382,Domonique,Hardy
383,Latrice,Herrera
384,Caleb,Daniels
385,Andrew,Calderon
386,Sabrina,Duffy
387,Audra,Perkins
388,Janice,Peterson
389,Jarrett,Booth
390,Ashlee,Bray
391,Jay,Salas
392,Mollie,Porter
393,Sara,Hoffman
394,Pedro,Davenport
395,Jon,Rodgers
396,Erika,Oneill
397,Louis,Choi
398,Betty,Rogers
399,Elizabeth,Spence
400,Julian,Yu
401,Margaret,Yates
402,Karl,Flowers
403,Mary,Ayers
404,Rene,Archer
405,Shana,Carlson
406,Jenifer,West
407,Victoria,Sawyer
408,Lamar,Rubio
409,Sonya,English
410,Nicole,Andrews
411,Chelsea,Mayer
412,Racheal,Hubbard
413,Krystal,Doyle
414,Cindy,Walls
415,Elliot,Mathis
416,Kara,Armstrong
417,Darin,Park
418,Abigail,Golden
419,Christina,Gallegos
420,Trent,Shelton
421,Carrie,Mckinney
422,Ernesto,Lowery
423,Chanel,Wu
424,Sasha,Moreno
425,Kevin,Decker
426,Fallon,Mcneil
427,Christin,Harris
428,Carol,Ramos
429,Derrick,Proctor
430,Vernon,Mcintyre
431,Constance,Crawford
432,Brittany,Cantu
433,Danielle,Jensen
434,Sheila,Marsh
435,Marlene,Pope
436,Faith,Maddox
437,Alma,Hoover
438,Kristin,Olsen
439,Jaime,Chapman
440,Charlotte,Nicholson
441,Hailey,Holloway
442,Orlando,Patterson
443,Bobbi,Blanchard
444,Steven,Mcdonald
445,Rick,Reyes
446,Dwight,Johnston
447,Marcus,Gilmore
448,Shelly,Castaneda
449,Gabriela,Malone
450,Julia,Farmer
451,Antonio,Boone
452,Lakeisha,Rocha
453,Lena,Huang
454,Kendall,Levy
455,Kirsten,Ponce
456,Rachel,Morse
457,Nina,Griffin
458,Rolando,Little
459,Milton,Schroeder
460,Alejandra,Suarez
461,Marisela,Wilkerson
462,Nicolas,Vaughan
463,Esteban,Bean
464,Chad,Graves
465,Tyrell,Warner
466,Javier,Gibbs
467,Max,Mcgrath
468,Marisol,Roberts
469,Edward,Hamilton
470,Owen,Mccormick
471,Francesca,Skinner
472,Rogelio,Liu
473,Molly,Meadows
474,Amanda,Sandoval
475,Helen,Macdonald
476,Omar,Ward
477,Bethany,Duncan
478,Matthew,Bowman
479,Ellen,Harmon
480,Jocelyn,Sheppard
481,Josiah,Wise
482,Kelley,Frost
483,Jodi,Ho
484,Eric,Hooper
485,Alison,Burke
486,Chandra,Chavez
487,Brittney,Higgins
488,Devin,Savage
489,Jarrod,Summers
490,Jerrod,Moran
491,Willie,Gallagher
492,Hollie,Osborn
493,Tony,Sullivan
494,Shirley,Bailey
495,Johnny,Howe
496,Katrina,Curry
497,Chantel,Conway
498,Travis,Nunez
499,Xavier,Beasley
500,Vivian,Solomon
501,Lakisha,Mckay
502,Esmeralda,Castro
503,Philip,Short
504,Kelsey,Lin
505,Cristina,Mccann
506,Nancy,Contreras
507,Emma,Montoya
508,Alissa,Prince
509,Maureen,Lam
510,Bruce,Rhodes
511,Casey,Delgado
512,Amber,Miller
513,Rebekah,Berg
514,Kyle,Jennings
515,Ruth,Lawrence
516,Latisha,Hunt
517,Brenna,Leach
518,Ruben,Norris
519,Gerald,Nelson
520,Felicia,Santana
521,Jody,Mack
522,Sherry,Browning
523,Gabriel,Schaefer
524,Bianca,Wolf
525,Judy,Lozano
526,Sandy,Bentley
527,Jamie,Petersen
528,Lyndsay,Shannon
529,Alberto,Barrett
530,Alvaro,Montgomery
531,Jonathan,Richmond
532,Adrianne,Irwin
533,Jeremy,Schmitt
534,Ronald,Hodge
535,Skyler,Glass
536,Jessica,Salazar
537,Jana,Henry
538,Sean,Camacho
539,Betsy,Horton
540,Erin,Miranda
541,Colin,Mora
542,Jimmy,Rowe
543,Guy,Norman
544,Jamar,Jefferson
545,Ariel,Drake
546,Rocio,Parsons
547,Roland,Mcbride
548,Brett,Roberson
549,Dominique,Woodard
550,Evelyn,Greer
551,Joanna,Mcfarland
552,Trenton,Boyle
553,Bobby,Horne
554,Robyn,Fitzgerald
555,Isaac,Gates
556,Sade,Finley
557,Ernest,Mooney
558,Nichole,Combs
559,Tracy,Hood
560,Tara,Mann
561,Caroline,Burch
562,Darlene,Moss
563,Mallory,Thompson
564,Lucy,Khan
565,Angie,Flores
566,Armando,Collier
567,Linda,Cooke
568,Allan,Chen
569,Christi,Baird
570,Miriam,Hampton
571,Kasey,Valenzuela
572,Dominick,Ali
573,Latasha,Faulkner
574,Devon,Vargas
575,Tanisha,Benson
576,Rodolfo,Woods
577,Shelby,Ewing
578,Nathanael,Russo
579,Ty,Singh
580,Genevieve,Jacobson
581,Lillian,Gamble
582,Marquita,Cannon
583,Rosemary,Vance
584,Eva,Aguilar
585,Charlie,Mcgee
586,Alfonso,Buchanan
587,Karla,Crane
588,Traci,Orr
589,Mathew,Stout
590,Shelley,Huynh
591,Rachael,Mcintosh
592,Breanna,Carpenter
593,Jacob,Deleon
594,Wendy,Parrish
595,Jeff,Giles
596,Carlos,Peters
597,Priscilla,Lynch
598,Samantha,Branch
599,Joy,Floyd
600,Jake,Payne
601,Maurice,Bonilla
602,Alex,Martinez
603,Johnathon,Phelps
604,Tamara,Mckenzie
605,Kurtis,Atkinson
606,Meghan,Ellison
607,Paige,Rangel
608,Emanuel,Nixon
609,Denise,Kemp
610,Theresa,Becker
611,Rebecca,Dougherty
612,Billy,Cherry
613,Cesar,Bolton
614,Levi,Blankenship
615,Alisa,Good
616,Jena,Riley
617,Jenna,Briggs
618,Shaun,Ferguson
619,Keisha,Weaver
620,Sharon,Bell
621,Clint,Wheeler
622,Alan,Simpson
623,Clarissa,Barton
624,Kellen,Mckee
625,Lauren,Patton
626,Crystal,Fields
627,Shawn,Ochoa
628,Brooke,Zavala
629,Sherri,Wood
630,Christa,Mercado
631,Dominic,Hull
632,Dale,Brennan
633,Elias,Rosario
634,Tyson,Pena
635,Blanca,Palmer
636,Darryl,Whitaker
637,Shaina,Salinas
638,Branden,Vazquez
639,Natalie,Marquez
640,Derek,Morrison
641,Eileen,Harrell
642,Donald,Kerr
643,Cory,Mayo
644,Heather,Kaiser
645,Cassandra,Stewart
646,Derick,Weeks
647,Alice,Moody
648,Laurie,Swanson
649,Rochelle,Farley
650,Ben,Huffman
651,Christie,Vega
652,Juanita,Beck
653,Maria,Hancock
654,Marilyn,Diaz
655,Iris,Holt
656,Lionel,Osborne
657,Zachery,Mahoney
658,Julie,Gross
659,Jacklyn,Velasquez
660,Malcolm,Humphrey
661,Micah,Levine
662,Adam,Massey
663,Katelyn,Butler
664,Edwin,Horn
665,Katherine,Myers
666,Ruby,Shah
667,Landon,Page
668,Shayla,Mccullough
669,Nora,Yoder
670,Veronica,Mata
671,Gabrielle,Rush
672,Anne,Mendoza
673,Katy,Long
674,Savannah,Duran
675,Valerie,Larsen
676,Jerome,Mclean
677,Juan,Jacobs
678,Marco,Barker
679,Ross,Frazier
680,Regina,Odonnell
681,Patricia,Colon
682,Carly,Coffey
683,Shane,Pittman
684,Kenny,Mcclure
685,Seth,Case
686,Ronnie,Moses
687,Diana,Patel
688,Tammy,Maynard
689,Justine,Edwards
690,Gwendolyn,Frey
691,Joshua,Davidson
692,Carolina,Matthews
693,Lonnie,Williams
694,Clara,Thornton
695,Kelvin,Santiago
696,Corinne,Conrad
697,Tiara,Haney
698,Jason,Herring
699,Deandre,Alvarado
700,Don,Foley
701,Irene,Landry
702,Jean,Henderson
703,Dexter,Johnson
704,Katie,Atkins
705,Dustin,Ware
706,Morgan,Grimes
707,Graham,Nash
708,Sierra,Torres
709,Shayna,Hutchinson
710,Esther,Jackson
711,Ivan,Gentry
712,Jade,Dixon
713,Tyler,Saunders
714,Gilbert,Fuentes
715,Bridget,Shaw
716,Roy,Arias
717,Aubrey,Harrington
718,Allyson,Erickson
719,Rita,Estrada
720,Chelsie,Hudson
721,Maegan,Guzman
722,Wayne,Obrien
723,Jesse,Jordan
724,Rosa,Bartlett
725,Kate,Walter
726,Abby,Brooks
727,Tracey,Bernard
728,Nickolas,Glenn
729,Stephen,Dudley
730,Whitney,Rollins
731,Blair,Wilkinson
732,Colby,Dickerson
733,Demetrius,Cruz
734,Susana,Waller
735,Elisa,Hale
736,Donna,Ferrell
737,Oliver,Wiggins
738,Fredrick,Durham
739,Gretchen,Reid
740,Kira,Stark
741,Norma,Navarro
742,Misty,Simon
743,Eduardo,Abbott
744,Arturo,Tanner
745,Bonnie,Caldwell
746,Gloria,Schmidt
747,Theodore,Oconnor
748,Cassidy,Fritz
749,Rodney,Reed
750,Tristan,Jimenez
751,Randy,Hernandez
752,Corey,Dunn
753,Leslie,Dean
754,Paula,Huber
755,Rickey,Arroyo
756,Peter,Spencer
757,Darrell,Wang
758,Janelle,Russell
759,Laura,Merritt
760,Darren,Franklin
761,Summer,Stein
762,Byron,Byrd
763,Quentin,Hill
764,Andy,Lowe
765,Rhonda,Stanton
766,Jasmin,Krause
767,Lucia,Waters
768,Nikki,Trujillo
769,Abraham,Murphy
770,Kayla,Gutierrez
771,Andres,Tran
772,Stephan,Ellis
773,Ethan,Forbes
774,Colleen,Shepard
775,Naomi,Harding
776,Isaiah,Davis
777,Clifton,Garner
778,Cedric,Williamson
779,Martha,Morrow
780,Johnathan,Underwood
781,Jeanette,Hayes
782,Harry,Powell
783,Teresa,Smith
784,Guillermo,Ingram
785,Julianne,Morton
786,Noah,Love
787,Jennie,Wilcox
788,Joann,Mcclain
789,Kacie,Estes
790,Hillary,Munoz
791,Jamal,Goodwin
792,Timothy,Willis
793,Jackie,Evans
794,Judith,Phillips
795,Brandi,Davila
796,Kassandra,Alvarez
797,Leah,Fernandez
798,Tasha,French
799,Chasity,Steele
800,Barbara,Kaufman
801,Melvin,Braun
802,Ana,Nichols
803,Marina,Ayala
804,Dena,Avery
805,Luke,Hicks
806,Leroy,Romero
807,Mandy,Valdez
808,Bobbie,Rosales
809,Tia,Kane
810,Chelsey,Bowen
811,Kaitlin,Sherman
812,Ismael,Carson
813,Eugene,Sutton
814,Tabatha,Carney
815,Angelica,Hughes
816,Amelia,Gray
817,Marcos,Berry
818,Lisa,Christensen
819,Brandon,Shepherd
820,Dylan,Crosby
821,Nathaniel,Ortiz
822,Damon,Cooper
823,Kristine,Gould
824,Janet,Holden
825,Kimberly,Cortez
826,Noel,Davies
827,Troy,Bennett
828,Roger,Mercer
829,Oscar,Meyer
830,Candice,Lambert
831,Reginald,Mendez
832,Tracie,Chandler
833,Quinton,Hess
834,Leanne,Wall
835,Courtney,Benton
836,Hannah,Fowler
837,Taryn,Mullins
838,Evan,Cervantes
839,Jayme,Meyers
840,Gina,Valentine
841,Carla,Newton
842,Noelle,Pitts
843,Janine,Bird
844,Jillian,Robbins
845,Lance,Murray
846,Patrice,Chung
847,Kristi,Bond
848,Elisha,Beltran
849,Cherie,Vang
850,Tessa,Clark
851,Alaina,Walsh
852,Trisha,Villegas
853,Sheena,Werner
854,Yolanda,Reynolds
855,Hope,Mccarty
856,Heidi,Holland
857,Marc,Mcguire
858,Nathan,Tucker
859,India,Wyatt
860,Ivy,Luna
861,Elijah,Snow
862,Zachariah,Mcknight
863,Adriana,Ballard
864,Tricia,Barber
865,Demarcus,Mcpherson
866,Anastasia,Larson
867,Pierre,Acosta
868,Celia,Gibson
869,Alfredo,Booker
870,Lyndsey,Silva
871,Dane,Cisneros
872,Serena,Wells
873,Dusty,Macias
874,Grace,Coleman
875,Meaghan,Eaton
876,Brittani,Moyer
877,Angela,Stevenson
878,Maribel,Aguirre
879,Monica,Ball
880,Marlon,Kirby
881,Antoinette,Kline
882,Hector,Fitzpatrick
883,Michele,Garza
884,Angelina,Odom
885,Leticia,Herman
886,Elyse,Downs
887,Mark,Bush
888,Lydia,Vaughn
889,Chance,Villanueva
890,Freddie,Santos
891,Jennifer,Gardner
892,Callie,Stokes
893,Mindy,Sims
894,Jodie,Clements
895,Chiquita,Vasquez
896,Tiffanie,Morales
897,Daniela,Sanders
898,Beth,Chang
899,Natasha,Dorsey
900,Terra,Ford
